case,n_defaults,pool,class_a,class_b,equity
1,0,130.0,22.0,12.0,96.0
2,0,130.0,22.0,12.0,96.0
3,0,130.0,22.0,12.0,96.0
4,2,116.38,22.0,12.0,82.38
5,6,87.79,22.0,12.0,53.79
6,2,117.37,22.0,12.0,83.37
7,0,130.0,22.0,12.0,96.0
8,2,117.37,22.0,12.0,83.37
9,2,117.01,22.0,12.0,83.01
10,1,123.73,22.0,12.0,89.73
11,0,130.0,22.0,12.0,96.0
12,1,122.65,22.0,12.0,88.65
13,0,130.0,22.0,12.0,96.0
14,1,122.56,22.0,12.0,88.56
15,0,130.0,22.0,12.0,96.0
16,2,117.19,22.0,12.0,83.19
17,0,130.0,22.0,12.0,96.0
18,2,116.65,22.0,12.0,82.65
19,1,123.64,22.0,12.0,89.64
20,3,109.39,22.0,12.0,75.39
21,0,130.0,22.0,12.0,96.0
22,0,130.0,22.0,12.0,96.0
23,2,116.02,22.0,12.0,82.02
24,0,130.0,22.0,12.0,96.0
25,0,130.0,22.0,12.0,96.0
26,5,95.68,22.0,12.0,61.68
27,1,123.37,22.0,12.0,89.37
28,2,116.47,22.0,12.0,82.47
29,1,123.37,22.0,12.0,89.37
30,1,123.55,22.0,12.0,89.55
31,3,109.57,22.0,12.0,75.57
32,2,116.11,22.0,12.0,82.11
33,2,116.29,22.0,12.0,82.29
34,0,130.0,22.0,12.0,96.0
35,0,130.0,22.0,12.0,96.0
36,3,110.02,22.0,12.0,76.02
37,1,123.91,22.0,12.0,89.91
38,2,115.93,22.0,12.0,81.93
39,4,104.29,22.0,12.0,70.29
40,3,110.11,22.0,12.0,76.11
41,0,130.0,22.0,12.0,96.0
42,0,130.0,22.0,12.0,96.0
43,3,109.57,22.0,12.0,75.57
44,3,108.76,22.0,12.0,74.76
45,0,130.0,22.0,12.0,96.0
46,2,116.65,22.0,12.0,82.65
47,3,107.23,22.0,12.0,73.23
48,0,130.0,22.0,12.0,96.0
49,4,103.39,22.0,12.0,69.39
50,2,116.38,22.0,12.0,82.38
51,1,123.19,22.0,12.0,89.19
52,0,130.0,22.0,12.0,96.0
53,2,115.12,22.0,12.0,81.12
54,2,116.02,22.0,12.0,82.02
55,3,108.85,22.0,12.0,74.85
56,6,87.43,22.0,12.0,53.43
57,4,100.96,22.0,12.0,66.96
58,2,115.12,22.0,12.0,81.12
59,4,100.6,22.0,12.0,66.6
60,2,116.56,22.0,12.0,82.56
61,0,130.0,22.0,12.0,96.0
62,0,130.0,22.0,12.0,96.0
63,0,130.0,22.0,12.0,96.0
64,3,108.76,22.0,12.0,74.76
65,7,80.71,22.0,12.0,46.71
66,0,130.0,22.0,12.0,96.0
67,3,109.12,22.0,12.0,75.12
68,1,122.65,22.0,12.0,88.65
69,2,114.94,22.0,12.0,80.94
70,2,116.65,22.0,12.0,82.65
71,1,123.37,22.0,12.0,89.37
72,1,123.19,22.0,12.0,89.19
73,1,122.38,22.0,12.0,88.38
74,8,73.81,22.0,12.0,39.81
75,0,130.0,22.0,12.0,96.0
76,1,122.56,22.0,12.0,88.56
77,2,116.92,22.0,12.0,82.92
78,2,115.3,22.0,12.0,81.3
79,2,115.93,22.0,12.0,81.93
80,0,130.0,22.0,12.0,96.0
81,1,123.01,22.0,12.0,89.01
82,0,130.0,22.0,12.0,96.0
83,5,95.05,22.0,12.0,61.05
84,0,130.0,22.0,12.0,96.0
85,0,130.0,22.0,12.0,96.0
86,2,117.19,22.0,12.0,83.19
87,3,108.94,22.0,12.0,74.94
88,4,101.86,22.0,12.0,67.86
89,1,123.82,22.0,12.0,89.82
90,0,130.0,22.0,12.0,96.0
91,2,116.38,22.0,12.0,82.38
92,2,115.21,22.0,12.0,81.21
93,4,101.32,22.0,12.0,67.32
94,5,94.87,22.0,12.0,60.87
95,2,116.56,22.0,12.0,82.56
96,4,102.49,22.0,12.0,68.49
97,0,130.0,22.0,12.0,96.0
98,2,115.21,22.0,12.0,81.21
99,1,122.92,22.0,12.0,88.92
100,1,122.47,22.0,12.0,88.47
101,1,122.92,22.0,12.0,88.92
102,1,123.37,22.0,12.0,89.37
103,4,101.32,22.0,12.0,67.32
104,1,123.19,22.0,12.0,89.19
105,0,130.0,22.0,12.0,96.0
106,1,123.55,22.0,12.0,89.55
107,1,123.46,22.0,12.0,89.46
108,5,96.13,22.0,12.0,62.13
109,0,130.0,22.0,12.0,96.0
110,2,115.21,22.0,12.0,81.21
111,2,115.93,22.0,12.0,81.93
112,2,117.01,22.0,12.0,83.01
113,1,123.37,22.0,12.0,89.37
114,5,92.89,22.0,12.0,58.89
115,1,123.55,22.0,12.0,89.55
116,1,122.56,22.0,12.0,88.56
117,1,123.37,22.0,12.0,89.37
118,5,96.04,22.0,12.0,62.04
119,4,102.13,22.0,12.0,68.13
120,3,109.39,22.0,12.0,75.39
121,2,116.02,22.0,12.0,82.02
122,0,130.0,22.0,12.0,96.0
123,0,130.0,22.0,12.0,96.0
124,5,94.78,22.0,12.0,60.78
125,0,130.0,22.0,12.0,96.0
126,7,83.5,22.0,12.0,49.5
127,3,108.4,22.0,12.0,74.4
128,3,110.74,22.0,12.0,76.74
129,1,123.01,22.0,12.0,89.01
130,3,108.49,22.0,12.0,74.49
131,1,123.55,22.0,12.0,89.55
132,5,96.31,22.0,12.0,62.31
133,2,115.12,22.0,12.0,81.12
134,0,130.0,22.0,12.0,96.0
135,0,130.0,22.0,12.0,96.0
136,0,130.0,22.0,12.0,96.0
137,2,116.38,22.0,12.0,82.38
138,0,130.0,22.0,12.0,96.0
139,1,123.73,22.0,12.0,89.73
140,8,71.2,22.0,12.0,37.2
141,2,116.38,22.0,12.0,82.38
142,1,123.19,22.0,12.0,89.19
143,0,130.0,22.0,12.0,96.0
144,5,95.32,22.0,12.0,61.32
145,0,130.0,22.0,12.0,96.0
146,0,130.0,22.0,12.0,96.0
147,1,123.28,22.0,12.0,89.28
148,3,108.49,22.0,12.0,74.49
149,2,117.1,22.0,12.0,83.1
150,2,116.02,22.0,12.0,82.02
151,1,122.74,22.0,12.0,88.74
152,3,109.03,22.0,12.0,75.03
153,5,94.69,22.0,12.0,60.69
154,0,130.0,22.0,12.0,96.0
155,4,102.85,22.0,12.0,68.85
156,0,130.0,22.0,12.0,96.0
157,0,130.0,22.0,12.0,96.0
158,0,130.0,22.0,12.0,96.0
159,3,108.85,22.0,12.0,74.85
160,2,117.01,22.0,12.0,83.01
161,2,116.38,22.0,12.0,82.38
162,0,130.0,22.0,12.0,96.0
163,5,95.86,22.0,12.0,61.86
164,2,117.28,22.0,12.0,83.28
165,2,117.1,22.0,12.0,83.1
166,2,115.84,22.0,12.0,81.84
167,0,130.0,22.0,12.0,96.0
168,1,122.74,22.0,12.0,88.74
169,1,123.19,22.0,12.0,89.19
170,1,123.46,22.0,12.0,89.46
171,3,107.77,22.0,12.0,73.77
172,0,130.0,22.0,12.0,96.0
173,0,130.0,22.0,12.0,96.0
174,6,87.7,22.0,12.0,53.7
175,2,117.37,22.0,12.0,83.37
176,3,110.29,22.0,12.0,76.29
177,0,130.0,22.0,12.0,96.0
178,1,123.82,22.0,12.0,89.82
179,4,102.04,22.0,12.0,68.04
180,1,122.74,22.0,12.0,88.74
181,1,122.74,22.0,12.0,88.74
182,4,101.41,22.0,12.0,67.41
183,4,103.66,22.0,12.0,69.66
184,1,122.56,22.0,12.0,88.56
185,2,115.21,22.0,12.0,81.21
186,0,130.0,22.0,12.0,96.0
187,2,116.47,22.0,12.0,82.47
188,2,115.48,22.0,12.0,81.48
189,0,130.0,22.0,12.0,96.0
190,0,130.0,22.0,12.0,96.0
191,2,117.37,22.0,12.0,83.37
192,2,116.2,22.0,12.0,82.2
193,2,115.75,22.0,12.0,81.75
194,0,130.0,22.0,12.0,96.0
195,1,123.64,22.0,12.0,89.64
196,3,109.39,22.0,12.0,75.39
197,0,130.0,22.0,12.0,96.0
198,3,109.57,22.0,12.0,75.57
199,5,95.14,22.0,12.0,61.14
200,1,122.47,22.0,12.0,88.47
201,3,109.39,22.0,12.0,75.39
202,2,115.66,22.0,12.0,81.66
203,0,130.0,22.0,12.0,96.0
204,4,101.95,22.0,12.0,67.95
205,5,96.4,22.0,12.0,62.4
206,0,130.0,22.0,12.0,96.0
207,2,115.3,22.0,12.0,81.3
208,0,130.0,22.0,12.0,96.0
209,0,130.0,22.0,12.0,96.0
210,6,86.26,22.0,12.0,52.26
211,2,115.84,22.0,12.0,81.84
212,2,115.84,22.0,12.0,81.84
213,7,79.45,22.0,12.0,45.45
214,4,102.13,22.0,12.0,68.13
215,4,100.87,22.0,12.0,66.87
216,8,72.19,22.0,12.0,38.19
217,0,130.0,22.0,12.0,96.0
218,4,102.31,22.0,12.0,68.31
219,3,108.22,22.0,12.0,74.22
220,2,117.01,22.0,12.0,83.01
221,4,103.93,22.0,12.0,69.93
222,6,90.94,22.0,12.0,56.94
223,7,76.3,22.0,12.0,42.3
224,5,96.31,22.0,12.0,62.31
225,1,122.83,22.0,12.0,88.83
226,1,123.91,22.0,12.0,89.91
227,0,130.0,22.0,12.0,96.0
228,2,116.74,22.0,12.0,82.74
229,2,115.93,22.0,12.0,81.93
230,0,130.0,22.0,12.0,96.0
231,0,130.0,22.0,12.0,96.0
232,3,107.86,22.0,12.0,73.86
233,2,116.74,22.0,12.0,82.74
234,2,116.56,22.0,12.0,82.56
235,2,117.01,22.0,12.0,83.01
236,0,130.0,22.0,12.0,96.0
237,1,122.29,22.0,12.0,88.29
238,0,130.0,22.0,12.0,96.0
239,1,123.37,22.0,12.0,89.37
240,2,115.3,22.0,12.0,81.3
241,2,115.57,22.0,12.0,81.57
242,7,78.82,22.0,12.0,44.82
243,3,110.02,22.0,12.0,76.02
244,0,130.0,22.0,12.0,96.0
245,2,115.48,22.0,12.0,81.48
246,2,117.82,22.0,12.0,83.82
247,7,79.63,22.0,12.0,45.63
248,2,115.93,22.0,12.0,81.93
249,3,110.29,22.0,12.0,76.29
250,0,130.0,22.0,12.0,96.0
251,0,130.0,22.0,12.0,96.0
252,5,94.78,22.0,12.0,60.78
253,3,107.5,22.0,12.0,73.5
254,0,130.0,22.0,12.0,96.0
255,1,123.01,22.0,12.0,89.01
256,2,116.11,22.0,12.0,82.11
257,1,123.37,22.0,12.0,89.37
258,0,130.0,22.0,12.0,96.0
259,2,116.29,22.0,12.0,82.29
260,2,116.47,22.0,12.0,82.47
261,0,130.0,22.0,12.0,96.0
262,0,130.0,22.0,12.0,96.0
263,1,122.2,22.0,12.0,88.2
264,0,130.0,22.0,12.0,96.0
265,2,115.57,22.0,12.0,81.57
266,5,94.78,22.0,12.0,60.78
267,2,115.66,22.0,12.0,81.66
268,4,102.49,22.0,12.0,68.49
269,2,115.21,22.0,12.0,81.21
270,2,116.29,22.0,12.0,82.29
271,1,123.46,22.0,12.0,89.46
272,7,81.79,22.0,12.0,47.79
273,0,130.0,22.0,12.0,96.0
274,3,109.66,22.0,12.0,75.66
275,1,123.64,22.0,12.0,89.64
276,2,116.11,22.0,12.0,82.11
277,1,123.82,22.0,12.0,89.82
278,5,93.34,22.0,12.0,59.34
279,1,123.64,22.0,12.0,89.64
280,1,123.28,22.0,12.0,89.28
281,0,130.0,22.0,12.0,96.0
282,1,122.38,22.0,12.0,88.38
283,1,123.64,22.0,12.0,89.64
284,0,130.0,22.0,12.0,96.0
285,0,130.0,22.0,12.0,96.0
286,1,122.47,22.0,12.0,88.47
287,2,117.01,22.0,12.0,83.01
288,3,107.77,22.0,12.0,73.77
289,1,123.73,22.0,12.0,89.73
290,0,130.0,22.0,12.0,96.0
291,3,108.49,22.0,12.0,74.49
292,0,130.0,22.0,12.0,96.0
293,1,122.74,22.0,12.0,88.74
294,1,123.55,22.0,12.0,89.55
295,1,123.55,22.0,12.0,89.55
296,5,92.71,22.0,12.0,58.71
297,3,109.21,22.0,12.0,75.21
298,1,122.38,22.0,12.0,88.38
299,1,123.73,22.0,12.0,89.73
300,1,122.92,22.0,12.0,88.92
301,0,130.0,22.0,12.0,96.0
302,2,116.11,22.0,12.0,82.11
303,1,123.37,22.0,12.0,89.37
304,0,130.0,22.0,12.0,96.0
305,1,123.46,22.0,12.0,89.46
306,0,130.0,22.0,12.0,96.0
307,1,123.46,22.0,12.0,89.46
308,1,122.83,22.0,12.0,88.83
309,0,130.0,22.0,12.0,96.0
310,5,92.98,22.0,12.0,58.98
311,5,95.77,22.0,12.0,61.77
312,0,130.0,22.0,12.0,96.0
313,0,130.0,22.0,12.0,96.0
314,1,122.47,22.0,12.0,88.47
315,4,103.12,22.0,12.0,69.12
316,2,117.46,22.0,12.0,83.46
317,1,123.82,22.0,12.0,89.82
318,0,130.0,22.0,12.0,96.0
319,0,130.0,22.0,12.0,96.0
320,2,116.74,22.0,12.0,82.74
321,8,73.54,22.0,12.0,39.54
322,1,122.56,22.0,12.0,88.56
323,1,122.65,22.0,12.0,88.65
324,0,130.0,22.0,12.0,96.0
325,1,123.82,22.0,12.0,89.82
326,1,122.56,22.0,12.0,88.56
327,1,123.01,22.0,12.0,89.01
328,0,130.0,22.0,12.0,96.0
329,6,86.53,22.0,12.0,52.53
330,1,123.28,22.0,12.0,89.28
331,2,116.38,22.0,12.0,82.38
332,0,130.0,22.0,12.0,96.0
333,4,103.12,22.0,12.0,69.12
334,0,130.0,22.0,12.0,96.0
335,1,122.92,22.0,12.0,88.92
336,2,114.94,22.0,12.0,80.94
337,0,130.0,22.0,12.0,96.0
338,1,122.56,22.0,12.0,88.56
339,0,130.0,22.0,12.0,96.0
340,0,130.0,22.0,12.0,96.0
341,0,130.0,22.0,12.0,96.0
342,0,130.0,22.0,12.0,96.0
343,1,123.28,22.0,12.0,89.28
344,1,122.29,22.0,12.0,88.29
345,2,116.29,22.0,12.0,82.29
346,1,123.64,22.0,12.0,89.64
347,1,123.91,22.0,12.0,89.91
348,2,117.82,22.0,12.0,83.82
349,0,130.0,22.0,12.0,96.0
350,2,116.83,22.0,12.0,82.83
351,5,94.15,22.0,12.0,60.15
352,2,115.03,22.0,12.0,81.03
353,4,100.33,22.0,12.0,66.33
354,0,130.0,22.0,12.0,96.0
355,1,123.37,22.0,12.0,89.37
356,1,123.82,22.0,12.0,89.82
357,2,116.92,22.0,12.0,82.92
358,5,93.88,22.0,12.0,59.88
359,1,122.92,22.0,12.0,88.92
360,0,130.0,22.0,12.0,96.0
361,2,116.83,22.0,12.0,82.83
362,5,94.6,22.0,12.0,60.6
363,0,130.0,22.0,12.0,96.0
364,1,123.1,22.0,12.0,89.1
365,0,130.0,22.0,12.0,96.0
366,3,111.01,22.0,12.0,77.01
367,2,116.74,22.0,12.0,82.74
368,1,123.19,22.0,12.0,89.19
369,4,101.68,22.0,12.0,67.68
370,2,116.92,22.0,12.0,82.92
371,0,130.0,22.0,12.0,96.0
372,3,109.75,22.0,12.0,75.75
373,1,123.01,22.0,12.0,89.01
374,2,115.93,22.0,12.0,81.93
375,7,82.15,22.0,12.0,48.15
376,5,94.51,22.0,12.0,60.51
377,0,130.0,22.0,12.0,96.0
378,3,110.11,22.0,12.0,76.11
379,1,123.82,22.0,12.0,89.82
380,3,109.21,22.0,12.0,75.21
381,0,130.0,22.0,12.0,96.0
382,3,107.95,22.0,12.0,73.95
383,1,123.1,22.0,12.0,89.1
384,2,116.56,22.0,12.0,82.56
385,2,115.39,22.0,12.0,81.39
386,5,94.87,22.0,12.0,60.87
387,0,130.0,22.0,12.0,96.0
388,5,94.51,22.0,12.0,60.51
389,3,109.3,22.0,12.0,75.3
390,5,94.24,22.0,12.0,60.24
391,3,107.86,22.0,12.0,73.86
392,4,101.77,22.0,12.0,67.77
393,2,115.75,22.0,12.0,81.75
394,1,123.73,22.0,12.0,89.73
395,4,102.58,22.0,12.0,68.58
396,2,117.55,22.0,12.0,83.55
397,4,103.66,22.0,12.0,69.66
398,1,122.74,22.0,12.0,88.74
399,0,130.0,22.0,12.0,96.0
400,4,102.22,22.0,12.0,68.22
401,1,123.19,22.0,12.0,89.19
402,1,123.46,22.0,12.0,89.46
403,2,115.12,22.0,12.0,81.12
404,0,130.0,22.0,12.0,96.0
405,3,109.21,22.0,12.0,75.21
406,0,130.0,22.0,12.0,96.0
407,6,86.17,22.0,12.0,52.17
408,6,88.15,22.0,12.0,54.15
409,1,122.47,22.0,12.0,88.47
410,5,95.5,22.0,12.0,61.5
411,4,101.86,22.0,12.0,67.86
412,0,130.0,22.0,12.0,96.0
413,0,130.0,22.0,12.0,96.0
414,3,108.4,22.0,12.0,74.4
415,0,130.0,22.0,12.0,96.0
416,5,94.24,22.0,12.0,60.24
417,2,115.93,22.0,12.0,81.93
418,0,130.0,22.0,12.0,96.0
419,2,115.21,22.0,12.0,81.21
420,2,116.02,22.0,12.0,82.02
421,3,108.4,22.0,12.0,74.4
422,0,130.0,22.0,12.0,96.0
423,2,116.38,22.0,12.0,82.38
424,5,93.97,22.0,12.0,59.97
425,4,102.58,22.0,12.0,68.58
426,3,109.21,22.0,12.0,75.21
427,6,87.16,22.0,12.0,53.16
428,1,122.92,22.0,12.0,88.92
429,0,130.0,22.0,12.0,96.0
430,2,116.11,22.0,12.0,82.11
431,1,122.29,22.0,12.0,88.29
432,2,114.76,22.0,12.0,80.76
433,1,123.64,22.0,12.0,89.64
434,2,115.39,22.0,12.0,81.39
435,2,116.2,22.0,12.0,82.2
436,2,116.83,22.0,12.0,82.83
437,0,130.0,22.0,12.0,96.0
438,2,115.03,22.0,12.0,81.03
439,5,95.77,22.0,12.0,61.77
440,2,115.93,22.0,12.0,81.93
441,1,122.92,22.0,12.0,88.92
442,6,86.89,22.0,12.0,52.89
443,0,130.0,22.0,12.0,96.0
444,0,130.0,22.0,12.0,96.0
445,2,116.74,22.0,12.0,82.74
446,1,123.37,22.0,12.0,89.37
447,4,101.77,22.0,12.0,67.77
448,0,130.0,22.0,12.0,96.0
449,1,123.1,22.0,12.0,89.1
450,0,130.0,22.0,12.0,96.0
451,3,110.2,22.0,12.0,76.2
452,0,130.0,22.0,12.0,96.0
453,4,102.13,22.0,12.0,68.13
454,4,100.51,22.0,12.0,66.51
455,1,123.46,22.0,12.0,89.46
456,0,130.0,22.0,12.0,96.0
457,5,94.87,22.0,12.0,60.87
458,1,123.82,22.0,12.0,89.82
459,0,130.0,22.0,12.0,96.0
460,3,108.04,22.0,12.0,74.04
461,3,108.22,22.0,12.0,74.22
462,3,107.23,22.0,12.0,73.23
463,0,130.0,22.0,12.0,96.0
464,3,108.76,22.0,12.0,74.76
465,3,109.3,22.0,12.0,75.3
466,3,110.02,22.0,12.0,76.02
467,0,130.0,22.0,12.0,96.0
468,1,122.65,22.0,12.0,88.65
469,2,115.57,22.0,12.0,81.57
470,2,117.28,22.0,12.0,83.28
471,4,101.86,22.0,12.0,67.86
472,2,116.83,22.0,12.0,82.83
473,1,122.92,22.0,12.0,88.92
474,3,110.2,22.0,12.0,76.2
475,0,130.0,22.0,12.0,96.0
476,1,123.64,22.0,12.0,89.64
477,0,130.0,22.0,12.0,96.0
478,1,123.1,22.0,12.0,89.1
479,6,85.99,22.0,12.0,51.99
480,0,130.0,22.0,12.0,96.0
481,1,123.73,22.0,12.0,89.73
482,0,130.0,22.0,12.0,96.0
483,2,116.02,22.0,12.0,82.02
484,3,108.22,22.0,12.0,74.22
485,0,130.0,22.0,12.0,96.0
486,1,122.47,22.0,12.0,88.47
487,4,100.51,22.0,12.0,66.51
488,3,109.93,22.0,12.0,75.93
489,2,116.38,22.0,12.0,82.38
490,1,122.47,22.0,12.0,88.47
491,1,123.46,22.0,12.0,89.46
492,1,122.74,22.0,12.0,88.74
493,0,130.0,22.0,12.0,96.0
494,2,115.66,22.0,12.0,81.66
495,1,123.82,22.0,12.0,89.82
496,3,109.93,22.0,12.0,75.93
497,4,103.57,22.0,12.0,69.57
498,2,117.19,22.0,12.0,83.19
499,3,109.39,22.0,12.0,75.39
500,2,115.3,22.0,12.0,81.3
501,4,102.13,22.0,12.0,68.13
502,0,130.0,22.0,12.0,96.0
503,0,130.0,22.0,12.0,96.0
504,2,115.75,22.0,12.0,81.75
505,3,108.22,22.0,12.0,74.22
506,1,123.37,22.0,12.0,89.37
507,3,108.67,22.0,12.0,74.67
508,2,117.1,22.0,12.0,83.1
509,3,110.38,22.0,12.0,76.38
510,3,108.04,22.0,12.0,74.04
511,4,102.31,22.0,12.0,68.31
512,3,109.66,22.0,12.0,75.66
513,2,115.93,22.0,12.0,81.93
514,1,123.82,22.0,12.0,89.82
515,0,130.0,22.0,12.0,96.0
516,2,116.2,22.0,12.0,82.2
517,0,130.0,22.0,12.0,96.0
518,2,116.38,22.0,12.0,82.38
519,4,101.95,22.0,12.0,67.95
520,0,130.0,22.0,12.0,96.0
521,1,123.01,22.0,12.0,89.01
522,1,122.92,22.0,12.0,88.92
523,1,122.83,22.0,12.0,88.83
524,2,115.03,22.0,12.0,81.03
525,0,130.0,22.0,12.0,96.0
526,1,123.82,22.0,12.0,89.82
527,1,123.37,22.0,12.0,89.37
528,0,130.0,22.0,12.0,96.0
529,4,102.31,22.0,12.0,68.31
530,2,115.57,22.0,12.0,81.57
531,1,123.01,22.0,12.0,89.01
532,2,114.94,22.0,12.0,80.94
533,0,130.0,22.0,12.0,96.0
534,1,123.28,22.0,12.0,89.28
535,0,130.0,22.0,12.0,96.0
536,1,122.2,22.0,12.0,88.2
537,6,90.85,22.0,12.0,56.85
538,4,104.47,22.0,12.0,70.47
539,4,101.32,22.0,12.0,67.32
540,2,115.57,22.0,12.0,81.57
541,2,115.93,22.0,12.0,81.93
542,1,123.46,22.0,12.0,89.46
543,0,130.0,22.0,12.0,96.0
544,1,123.1,22.0,12.0,89.1
545,4,102.67,22.0,12.0,68.67
546,4,103.21,22.0,12.0,69.21
547,1,122.65,22.0,12.0,88.65
548,0,130.0,22.0,12.0,96.0
549,1,122.74,22.0,12.0,88.74
550,0,130.0,22.0,12.0,96.0
551,0,130.0,22.0,12.0,96.0
552,1,123.73,22.0,12.0,89.73
553,3,109.39,22.0,12.0,75.39
554,0,130.0,22.0,12.0,96.0
555,1,123.46,22.0,12.0,89.46
556,5,94.96,22.0,12.0,60.96
557,0,130.0,22.0,12.0,96.0
558,3,110.29,22.0,12.0,76.29
559,0,130.0,22.0,12.0,96.0
560,6,87.43,22.0,12.0,53.43
561,1,122.47,22.0,12.0,88.47
562,8,70.21,22.0,12.0,36.21
563,4,102.31,22.0,12.0,68.31
564,2,116.47,22.0,12.0,82.47
565,0,130.0,22.0,12.0,96.0
566,2,116.2,22.0,12.0,82.2
567,3,109.48,22.0,12.0,75.48
568,0,130.0,22.0,12.0,96.0
569,3,108.31,22.0,12.0,74.31
570,1,123.82,22.0,12.0,89.82
571,3,107.86,22.0,12.0,73.86
572,4,101.5,22.0,12.0,67.5
573,1,122.38,22.0,12.0,88.38
574,4,100.69,22.0,12.0,66.69
575,1,123.01,22.0,12.0,89.01
576,5,96.49,22.0,12.0,62.49
577,4,102.76,22.0,12.0,68.76
578,0,130.0,22.0,12.0,96.0
579,5,96.31,22.0,12.0,62.31
580,1,122.38,22.0,12.0,88.38
581,1,122.83,22.0,12.0,88.83
582,6,88.42,22.0,12.0,54.42
583,3,109.66,22.0,12.0,75.66
584,0,130.0,22.0,12.0,96.0
585,1,122.65,22.0,12.0,88.65
586,1,123.55,22.0,12.0,89.55
587,1,123.91,22.0,12.0,89.91
588,6,88.24,22.0,12.0,54.24
589,5,94.69,22.0,12.0,60.69
590,0,130.0,22.0,12.0,96.0
591,2,114.76,22.0,12.0,80.76
592,0,130.0,22.0,12.0,96.0
593,3,109.57,22.0,12.0,75.57
594,2,114.94,22.0,12.0,80.94
595,2,117.64,22.0,12.0,83.64
596,1,122.29,22.0,12.0,88.29
597,3,109.93,22.0,12.0,75.93
598,0,130.0,22.0,12.0,96.0
599,1,123.19,22.0,12.0,89.19
600,0,130.0,22.0,12.0,96.0
601,0,130.0,22.0,12.0,96.0
602,3,109.39,22.0,12.0,75.39
603,1,123.37,22.0,12.0,89.37
604,0,130.0,22.0,12.0,96.0
605,0,130.0,22.0,12.0,96.0
606,0,130.0,22.0,12.0,96.0
607,3,108.13,22.0,12.0,74.13
608,1,122.47,22.0,12.0,88.47
609,1,123.82,22.0,12.0,89.82
610,1,123.73,22.0,12.0,89.73
611,0,130.0,22.0,12.0,96.0
612,2,117.64,22.0,12.0,83.64
613,0,130.0,22.0,12.0,96.0
614,1,123.82,22.0,12.0,89.82
615,1,122.2,22.0,12.0,88.2
616,5,93.79,22.0,12.0,59.79
617,1,123.1,22.0,12.0,89.1
618,9,66.37,22.0,12.0,32.37
619,2,115.84,22.0,12.0,81.84
620,0,130.0,22.0,12.0,96.0
621,1,123.91,22.0,12.0,89.91
622,2,116.38,22.0,12.0,82.38
623,1,123.91,22.0,12.0,89.91
624,1,123.82,22.0,12.0,89.82
625,2,115.93,22.0,12.0,81.93
626,0,130.0,22.0,12.0,96.0
627,0,130.0,22.0,12.0,96.0
628,1,122.38,22.0,12.0,88.38
629,4,103.84,22.0,12.0,69.84
630,0,130.0,22.0,12.0,96.0
631,2,115.57,22.0,12.0,81.57
632,0,130.0,22.0,12.0,96.0
633,0,130.0,22.0,12.0,96.0
634,1,122.38,22.0,12.0,88.38
635,5,94.69,22.0,12.0,60.69
636,1,123.73,22.0,12.0,89.73
637,4,101.32,22.0,12.0,67.32
638,2,115.39,22.0,12.0,81.39
639,0,130.0,22.0,12.0,96.0
640,0,130.0,22.0,12.0,96.0
641,1,123.37,22.0,12.0,89.37
642,0,130.0,22.0,12.0,96.0
643,0,130.0,22.0,12.0,96.0
644,0,130.0,22.0,12.0,96.0
645,2,116.47,22.0,12.0,82.47
646,0,130.0,22.0,12.0,96.0
647,7,80.98,22.0,12.0,46.98
648,0,130.0,22.0,12.0,96.0
649,0,130.0,22.0,12.0,96.0
650,3,109.12,22.0,12.0,75.12
651,5,96.04,22.0,12.0,62.04
652,5,94.24,22.0,12.0,60.24
653,1,122.38,22.0,12.0,88.38
654,3,109.3,22.0,12.0,75.3
655,1,123.01,22.0,12.0,89.01
656,1,122.92,22.0,12.0,88.92
657,2,117.19,22.0,12.0,83.19
658,0,130.0,22.0,12.0,96.0
659,6,88.69,22.0,12.0,54.69
660,0,130.0,22.0,12.0,96.0
661,2,115.03,22.0,12.0,81.03
662,2,115.12,22.0,12.0,81.12
663,0,130.0,22.0,12.0,96.0
664,0,130.0,22.0,12.0,96.0
665,0,130.0,22.0,12.0,96.0
666,0,130.0,22.0,12.0,96.0
667,1,123.82,22.0,12.0,89.82
668,0,130.0,22.0,12.0,96.0
669,5,92.8,22.0,12.0,58.8
670,3,109.3,22.0,12.0,75.3
671,0,130.0,22.0,12.0,96.0
672,3,109.93,22.0,12.0,75.93
673,1,123.46,22.0,12.0,89.46
674,4,103.12,22.0,12.0,69.12
675,1,123.46,22.0,12.0,89.46
676,1,123.73,22.0,12.0,89.73
677,3,108.4,22.0,12.0,74.4
678,0,130.0,22.0,12.0,96.0
679,3,109.03,22.0,12.0,75.03
680,0,130.0,22.0,12.0,96.0
681,1,123.82,22.0,12.0,89.82
682,7,78.91,22.0,12.0,44.91
683,2,115.03,22.0,12.0,81.03
684,4,103.03,22.0,12.0,69.03
685,4,102.22,22.0,12.0,68.22
686,4,101.59,22.0,12.0,67.59
687,4,100.69,22.0,12.0,66.69
688,1,123.01,22.0,12.0,89.01
689,5,96.67,22.0,12.0,62.67
690,1,123.91,22.0,12.0,89.91
691,1,123.37,22.0,12.0,89.37
692,2,117.64,22.0,12.0,83.64
693,3,108.4,22.0,12.0,74.4
694,1,122.65,22.0,12.0,88.65
695,1,122.29,22.0,12.0,88.29
696,1,122.47,22.0,12.0,88.47
697,0,130.0,22.0,12.0,96.0
698,3,108.49,22.0,12.0,74.49
699,3,109.03,22.0,12.0,75.03
700,0,130.0,22.0,12.0,96.0
701,4,101.77,22.0,12.0,67.77
702,0,130.0,22.0,12.0,96.0
703,3,108.31,22.0,12.0,74.31
704,5,95.14,22.0,12.0,61.14
705,4,103.12,22.0,12.0,69.12
706,4,101.14,22.0,12.0,67.14
707,1,123.19,22.0,12.0,89.19
708,4,101.59,22.0,12.0,67.59
709,6,86.35,22.0,12.0,52.35
710,2,117.46,22.0,12.0,83.46
711,2,116.47,22.0,12.0,82.47
712,2,116.38,22.0,12.0,82.38
713,0,130.0,22.0,12.0,96.0
714,1,122.56,22.0,12.0,88.56
715,1,123.28,22.0,12.0,89.28
716,0,130.0,22.0,12.0,96.0
717,0,130.0,22.0,12.0,96.0
718,1,123.37,22.0,12.0,89.37
719,2,117.19,22.0,12.0,83.19
720,2,117.55,22.0,12.0,83.55
721,4,103.48,22.0,12.0,69.48
722,0,130.0,22.0,12.0,96.0
723,1,122.47,22.0,12.0,88.47
724,2,115.3,22.0,12.0,81.3
725,3,110.29,22.0,12.0,76.29
726,1,123.73,22.0,12.0,89.73
727,2,117.01,22.0,12.0,83.01
728,2,116.92,22.0,12.0,82.92
729,3,110.2,22.0,12.0,76.2
730,0,130.0,22.0,12.0,96.0
731,0,130.0,22.0,12.0,96.0
732,4,102.04,22.0,12.0,68.04
733,0,130.0,22.0,12.0,96.0
734,0,130.0,22.0,12.0,96.0
735,2,116.02,22.0,12.0,82.02
736,6,87.97,22.0,12.0,53.97
737,0,130.0,22.0,12.0,96.0
738,2,115.93,22.0,12.0,81.93
739,0,130.0,22.0,12.0,96.0
740,4,101.86,22.0,12.0,67.86
741,3,107.5,22.0,12.0,73.5
742,1,123.55,22.0,12.0,89.55
743,3,108.13,22.0,12.0,74.13
744,2,116.65,22.0,12.0,82.65
745,0,130.0,22.0,12.0,96.0
746,1,123.55,22.0,12.0,89.55
747,0,130.0,22.0,12.0,96.0
748,1,123.01,22.0,12.0,89.01
749,0,130.0,22.0,12.0,96.0
750,4,102.85,22.0,12.0,68.85
751,1,122.74,22.0,12.0,88.74
752,2,115.48,22.0,12.0,81.48
753,2,116.47,22.0,12.0,82.47
754,4,101.95,22.0,12.0,67.95
755,1,123.55,22.0,12.0,89.55
756,0,130.0,22.0,12.0,96.0
757,2,116.02,22.0,12.0,82.02
758,5,95.14,22.0,12.0,61.14
759,7,79.36,22.0,12.0,45.36
760,9,63.58,22.0,12.0,29.58
761,0,130.0,22.0,12.0,96.0
762,0,130.0,22.0,12.0,96.0
763,1,123.19,22.0,12.0,89.19
764,1,122.47,22.0,12.0,88.47
765,1,122.56,22.0,12.0,88.56
766,1,122.29,22.0,12.0,88.29
767,1,122.2,22.0,12.0,88.2
768,2,117.19,22.0,12.0,83.19
769,2,116.47,22.0,12.0,82.47
770,1,123.1,22.0,12.0,89.1
771,2,115.39,22.0,12.0,81.39
772,2,115.12,22.0,12.0,81.12
773,0,130.0,22.0,12.0,96.0
774,0,130.0,22.0,12.0,96.0
775,4,100.78,22.0,12.0,66.78
776,0,130.0,22.0,12.0,96.0
777,0,130.0,22.0,12.0,96.0
778,5,93.88,22.0,12.0,59.88
779,2,115.93,22.0,12.0,81.93
780,2,116.65,22.0,12.0,82.65
781,0,130.0,22.0,12.0,96.0
782,1,123.1,22.0,12.0,89.1
783,1,123.28,22.0,12.0,89.28
784,5,94.78,22.0,12.0,60.78
785,5,96.04,22.0,12.0,62.04
786,2,116.47,22.0,12.0,82.47
787,6,86.26,22.0,12.0,52.26
788,2,116.38,22.0,12.0,82.38
789,2,115.48,22.0,12.0,81.48
790,1,123.82,22.0,12.0,89.82
791,0,130.0,22.0,12.0,96.0
792,1,123.19,22.0,12.0,89.19
793,1,123.91,22.0,12.0,89.91
794,1,122.74,22.0,12.0,88.74
795,1,122.29,22.0,12.0,88.29
796,1,122.92,22.0,12.0,88.92
797,1,122.2,22.0,12.0,88.2
798,0,130.0,22.0,12.0,96.0
799,0,130.0,22.0,12.0,96.0
800,3,108.76,22.0,12.0,74.76
801,5,95.68,22.0,12.0,61.68
802,4,102.67,22.0,12.0,68.67
803,1,123.64,22.0,12.0,89.64
804,3,108.58,22.0,12.0,74.58
805,2,114.76,22.0,12.0,80.76
806,0,130.0,22.0,12.0,96.0
807,0,130.0,22.0,12.0,96.0
808,7,78.91,22.0,12.0,44.91
809,0,130.0,22.0,12.0,96.0
810,1,123.28,22.0,12.0,89.28
811,6,86.62,22.0,12.0,52.62
812,0,130.0,22.0,12.0,96.0
813,0,130.0,22.0,12.0,96.0
814,4,103.57,22.0,12.0,69.57
815,1,122.83,22.0,12.0,88.83
816,6,88.24,22.0,12.0,54.24
817,2,115.66,22.0,12.0,81.66
818,1,123.28,22.0,12.0,89.28
819,3,109.66,22.0,12.0,75.66
820,2,115.21,22.0,12.0,81.21
821,1,122.74,22.0,12.0,88.74
822,3,110.56,22.0,12.0,76.56
823,4,99.61,22.0,12.0,65.61
824,0,130.0,22.0,12.0,96.0
825,2,115.84,22.0,12.0,81.84
826,0,130.0,22.0,12.0,96.0
827,2,117.73,22.0,12.0,83.73
828,3,108.31,22.0,12.0,74.31
829,3,110.02,22.0,12.0,76.02
830,0,130.0,22.0,12.0,96.0
831,5,93.97,22.0,12.0,59.97
832,0,130.0,22.0,12.0,96.0
833,1,123.19,22.0,12.0,89.19
834,3,109.93,22.0,12.0,75.93
835,4,102.4,22.0,12.0,68.4
836,1,122.29,22.0,12.0,88.29
837,3,109.3,22.0,12.0,75.3
838,3,108.76,22.0,12.0,74.76
839,3,108.04,22.0,12.0,74.04
840,1,122.47,22.0,12.0,88.47
841,3,109.66,22.0,12.0,75.66
842,2,115.21,22.0,12.0,81.21
843,1,122.38,22.0,12.0,88.38
844,4,102.04,22.0,12.0,68.04
845,3,107.77,22.0,12.0,73.77
846,2,116.11,22.0,12.0,82.11
847,3,108.04,22.0,12.0,74.04
848,0,130.0,22.0,12.0,96.0
849,0,130.0,22.0,12.0,96.0
850,8,70.21,22.0,12.0,36.21
851,3,111.01,22.0,12.0,77.01
852,0,130.0,22.0,12.0,96.0
853,1,122.2,22.0,12.0,88.2
854,1,122.65,22.0,12.0,88.65
855,3,107.23,22.0,12.0,73.23
856,3,108.49,22.0,12.0,74.49
857,2,116.2,22.0,12.0,82.2
858,1,123.1,22.0,12.0,89.1
859,1,123.82,22.0,12.0,89.82
860,0,130.0,22.0,12.0,96.0
861,1,122.65,22.0,12.0,88.65
862,3,108.58,22.0,12.0,74.58
863,0,130.0,22.0,12.0,96.0
864,3,109.57,22.0,12.0,75.57
865,1,123.64,22.0,12.0,89.64
866,2,114.76,22.0,12.0,80.76
867,1,123.01,22.0,12.0,89.01
868,1,123.37,22.0,12.0,89.37
869,3,108.67,22.0,12.0,74.67
870,0,130.0,22.0,12.0,96.0
871,0,130.0,22.0,12.0,96.0
872,1,122.92,22.0,12.0,88.92
873,2,115.48,22.0,12.0,81.48
874,3,109.03,22.0,12.0,75.03
875,5,92.89,22.0,12.0,58.89
876,0,130.0,22.0,12.0,96.0
877,2,115.66,22.0,12.0,81.66
878,2,114.49,22.0,12.0,80.49
879,4,102.31,22.0,12.0,68.31
880,3,108.4,22.0,12.0,74.4
881,1,122.83,22.0,12.0,88.83
882,1,122.38,22.0,12.0,88.38
883,0,130.0,22.0,12.0,96.0
884,3,110.02,22.0,12.0,76.02
885,2,117.37,22.0,12.0,83.37
886,3,108.76,22.0,12.0,74.76
887,0,130.0,22.0,12.0,96.0
888,1,123.64,22.0,12.0,89.64
889,2,116.38,22.0,12.0,82.38
890,6,89.5,22.0,12.0,55.5
891,0,130.0,22.0,12.0,96.0
892,0,130.0,22.0,12.0,96.0
893,0,130.0,22.0,12.0,96.0
894,3,108.49,22.0,12.0,74.49
895,3,110.11,22.0,12.0,76.11
896,0,130.0,22.0,12.0,96.0
897,1,122.2,22.0,12.0,88.2
898,2,114.49,22.0,12.0,80.49
899,8,74.26,22.0,12.0,40.26
900,4,102.22,22.0,12.0,68.22
901,1,122.38,22.0,12.0,88.38
902,3,108.76,22.0,12.0,74.76
903,0,130.0,22.0,12.0,96.0
904,4,102.85,22.0,12.0,68.85
905,0,130.0,22.0,12.0,96.0
906,3,109.75,22.0,12.0,75.75
907,3,109.12,22.0,12.0,75.12
908,3,108.85,22.0,12.0,74.85
909,2,116.11,22.0,12.0,82.11
910,0,130.0,22.0,12.0,96.0
911,4,104.38,22.0,12.0,70.38
912,2,116.2,22.0,12.0,82.2
913,1,123.19,22.0,12.0,89.19
914,2,115.66,22.0,12.0,81.66
915,0,130.0,22.0,12.0,96.0
916,1,123.37,22.0,12.0,89.37
917,5,96.13,22.0,12.0,62.13
918,0,130.0,22.0,12.0,96.0
919,1,122.92,22.0,12.0,88.92
920,0,130.0,22.0,12.0,96.0
921,0,130.0,22.0,12.0,96.0
922,1,123.19,22.0,12.0,89.19
923,1,122.92,22.0,12.0,88.92
924,0,130.0,22.0,12.0,96.0
925,0,130.0,22.0,12.0,96.0
926,0,130.0,22.0,12.0,96.0
927,2,114.67,22.0,12.0,80.67
928,3,110.2,22.0,12.0,76.2
929,1,123.55,22.0,12.0,89.55
930,2,115.66,22.0,12.0,81.66
931,0,130.0,22.0,12.0,96.0
932,2,116.56,22.0,12.0,82.56
933,1,122.92,22.0,12.0,88.92
934,1,123.73,22.0,12.0,89.73
935,1,123.19,22.0,12.0,89.19
936,0,130.0,22.0,12.0,96.0
937,2,115.12,22.0,12.0,81.12
938,3,107.95,22.0,12.0,73.95
939,0,130.0,22.0,12.0,96.0
940,1,122.38,22.0,12.0,88.38
941,2,114.58,22.0,12.0,80.58
942,0,130.0,22.0,12.0,96.0
943,2,114.58,22.0,12.0,80.58
944,1,122.38,22.0,12.0,88.38
945,0,130.0,22.0,12.0,96.0
946,2,115.39,22.0,12.0,81.39
947,7,80.89,22.0,12.0,46.89
948,2,116.92,22.0,12.0,82.92
949,1,122.47,22.0,12.0,88.47
950,3,110.38,22.0,12.0,76.38
951,3,110.2,22.0,12.0,76.2
952,0,130.0,22.0,12.0,96.0
953,4,102.22,22.0,12.0,68.22
954,0,130.0,22.0,12.0,96.0
955,1,123.1,22.0,12.0,89.1
956,2,117.01,22.0,12.0,83.01
957,4,103.57,22.0,12.0,69.57
958,3,107.41,22.0,12.0,73.41
959,6,89.32,22.0,12.0,55.32
960,5,96.22,22.0,12.0,62.22
961,0,130.0,22.0,12.0,96.0
962,0,130.0,22.0,12.0,96.0
963,1,122.2,22.0,12.0,88.2
964,1,123.46,22.0,12.0,89.46
965,4,102.94,22.0,12.0,68.94
966,1,123.19,22.0,12.0,89.19
967,1,123.55,22.0,12.0,89.55
968,2,115.84,22.0,12.0,81.84
969,2,116.29,22.0,12.0,82.29
970,0,130.0,22.0,12.0,96.0
971,1,122.65,22.0,12.0,88.65
972,0,130.0,22.0,12.0,96.0
973,2,115.84,22.0,12.0,81.84
974,4,100.96,22.0,12.0,66.96
975,0,130.0,22.0,12.0,96.0
976,2,116.74,22.0,12.0,82.74
977,0,130.0,22.0,12.0,96.0
978,0,130.0,22.0,12.0,96.0
979,0,130.0,22.0,12.0,96.0
980,1,122.92,22.0,12.0,88.92
981,0,130.0,22.0,12.0,96.0
982,3,109.39,22.0,12.0,75.39
983,1,123.64,22.0,12.0,89.64
984,2,115.39,22.0,12.0,81.39
985,2,115.93,22.0,12.0,81.93
986,5,95.05,22.0,12.0,61.05
987,5,94.06,22.0,12.0,60.06
988,5,93.97,22.0,12.0,59.97
989,2,115.66,22.0,12.0,81.66
990,2,116.65,22.0,12.0,82.65
991,3,109.57,22.0,12.0,75.57
992,5,95.32,22.0,12.0,61.32
993,1,123.01,22.0,12.0,89.01
994,1,123.37,22.0,12.0,89.37
995,2,116.29,22.0,12.0,82.29
996,7,83.95,22.0,12.0,49.95
997,1,123.28,22.0,12.0,89.28
998,2,115.3,22.0,12.0,81.3
999,1,123.82,22.0,12.0,89.82
1000,1,123.73,22.0,12.0,89.73
