defaults in 5 years,cases,simulated probability,exact with correlation,if independent (binomial),avg pool cash ($MM),avg equity cash ($MM)
0,261,0.261,0.2470392577,0.1298857935,130.0,96.0
1,242,0.242,0.2587904123,0.2941043249,123.1141322314,89.1141322314
2,198,0.198,0.1988004677,0.2996771873,116.1231818182,82.1231818182
3,120,0.12,0.1327762906,0.1809514948,109.07275,75.07275
4,77,0.077,0.0804691489,0.0717034386,102.2211688312,68.2211688312
5,56,0.056,0.0446243079,0.0194832314,94.8908928571,60.8908928571
6,23,0.023,0.0224505984,0.0036763724,87.7782608696,53.7782608696
7,14,0.014,0.0100056528,0.0004756869,80.3821428571,46.3821428571
8,7,0.007,0.003769092,4.03917e-05,72.2028571429,38.2028571429
9,2,0.002,0.0010889429,2.0324e-06,64.975,30.975
10,0,0.0,0.0001858287,4.6e-08,,
