quarter,pool promised,pool expected (exact),pool mean,pool 5th pct,pool 95th pct,Class A mean,Class B mean,equity mean,equity 5th pct,equity 95th pct
1,1.5,1.4908617607,1.49046,1.41,1.5,0.1,0.1,1.29046,1.21,1.3
2,1.5,1.4818163074,1.48029,1.41,1.5,0.1,0.1,1.28029,1.21,1.3
3,1.5,1.472862698,1.47129,1.32,1.5,0.1,0.1,1.27129,1.12,1.3
4,1.5,1.464,1.45995,1.32,1.5,0.1,0.1,1.25995,1.12,1.3
5,1.5,1.4552272903,1.45014,1.32,1.5,0.1,0.1,1.25014,1.12,1.3
6,1.5,1.4465436551,1.4415,1.23,1.5,0.1,0.1,1.2415,1.03,1.3
7,1.5,1.4379481901,1.43358,1.23,1.5,0.1,0.1,1.23358,1.03,1.3
8,1.5,1.42944,1.42656,1.23,1.5,0.1,0.1,1.22656,1.03,1.3
9,1.5,1.4210181987,1.41783,1.23,1.5,0.1,0.1,1.21783,1.03,1.3
10,1.5,1.4126819089,1.41099,1.14,1.5,0.1,0.1,1.21099,0.94,1.3
11,1.5,1.4044302625,1.40163,1.14,1.5,0.1,0.1,1.20163,0.94,1.3
12,1.5,1.3962624,1.39344,1.14,1.5,0.1,0.1,1.19344,0.94,1.3
13,1.5,1.3881774707,1.38696,1.14,1.5,0.1,0.1,1.18696,0.94,1.3
14,1.5,1.3801746325,1.3785,1.14,1.5,0.1,0.1,1.1785,0.94,1.3
15,1.5,1.372253052,1.37076,1.14,1.5,0.1,0.1,1.17076,0.94,1.3
16,1.5,1.364411904,1.36257,1.05,1.5,0.1,0.1,1.16257,0.85,1.3
17,1.5,1.3566503719,1.35456,1.05,1.5,0.1,0.1,1.15456,0.85,1.3
18,1.5,1.3489676472,1.34727,1.05,1.5,0.1,0.1,1.14727,0.85,1.3
19,1.5,1.3413629299,1.33764,1.05,1.5,0.1,0.1,1.13764,0.85,1.3
20,101.5,90.2561972838,89.95336,71.05,101.5,20.1,10.1,59.75336,40.85,71.3
