run,input,value,avg defaults,P(no default),P(4+ defaults),pool mean,pool 5th pct,equity mean,equity std,equity 5th pct,equity min,P(A shortfall),P(B shortfall),B paid / due
base,pd,0.01,0.547,0.642,0.014,126.2086,115.03,92.2086,6.3638977234,81.03,51.99,0.0,0.0,1.0
base,pd,0.02,0.979,0.472,0.05,123.14365,106.9075,89.14365,8.8998051388,72.9075,39.09,0.0,0.0,1.0
base,pd,0.04,1.896,0.261,0.179,116.76928,92.9755,82.76928,12.7888625329,58.9755,29.58,0.0,0.0,1.0
base,pd,0.06,2.694,0.136,0.308,111.13933,81.8665,77.13933,14.6334294651,47.8665,28.32,0.0,0.0,1.0
base,pd,0.08,3.453,0.074,0.448,105.78316,77.9125,71.78316,15.9780457491,43.9125,21.06,0.0,0.0,1.0
base,pd,0.12,4.767,0.021,0.681,96.42046,66.1855,62.42046,16.9255775016,32.1855,19.98,0.0,0.0,1.0
base,lgd,0.4,1.896,0.261,0.179,121.17952,105.317,87.17952,8.5259083553,71.317,51.72,0.0,0.0,1.0
base,lgd,0.5,1.896,0.261,0.179,118.9744,99.14625,84.9744,10.6573854441,65.14625,40.65,0.0,0.0,1.0
base,lgd,0.6,1.896,0.261,0.179,116.76928,92.9755,82.76928,12.7888625329,58.9755,29.58,0.0,0.0,1.0
base,lgd,0.7,1.896,0.261,0.179,114.56416,86.80475,80.56416,14.9203396218,52.80475,18.51,0.0,0.0,1.0
base,lgd,0.8,1.896,0.261,0.179,112.35904,80.634,78.3626,17.0375641167,46.634,9.22,0.0,0.002,0.9997033333
base,lgd,0.9,1.896,0.261,0.179,110.15392,74.46325,76.18821,19.0576844011,40.46325,7.285,0.002,0.009,0.9972783333
base,lgd,1.0,1.896,0.261,0.179,107.9488,68.2925,74.0584,20.9412589346,34.2925,5.55,0.002,0.009,0.992525
base,rho,0.0,1.881,0.135,0.113,116.89546,101.59,82.89546,9.0528985392,67.59,45.36,0.0,0.0,1.0
base,rho,0.1,1.862,0.205,0.15,116.98525,95.5,82.98525,10.9086861983,61.5,37.65,0.0,0.0,1.0
base,rho,0.2,1.896,0.261,0.179,116.76928,92.9755,82.76928,12.7888625329,58.9755,29.58,0.0,0.0,1.0
base,rho,0.4,1.871,0.362,0.193,116.93152,83.1355,82.93152,15.715937184,49.1355,19.44,0.0,0.0,1.0
base,rho,0.6,1.851,0.465,0.205,117.07375,73.783,83.07375,18.4272122848,39.783,18.18,0.0,0.0,1.0
base,rho,0.8,1.788,0.601,0.201,117.4963,62.758,83.4963,21.4163153664,28.758,18.0,0.0,0.0,1.0
base,b_notional,10.0,1.896,0.261,0.179,116.76928,92.9755,82.76928,12.7888625329,58.9755,29.58,0.0,0.0,1.0
base,b_notional,20.0,1.896,0.261,0.179,116.76928,92.9755,70.76928,12.7888625329,46.9755,17.58,0.0,0.0,1.0
base,b_notional,30.0,1.896,0.261,0.179,116.76928,92.9755,58.7767,12.7598240199,34.9755,9.29,0.0,0.002,0.9997938889
base,b_notional,40.0,1.896,0.261,0.179,116.76928,92.9755,46.87376,12.4512176225,22.9755,7.39,0.0,0.023,0.9978233333
base,b_notional,50.0,1.896,0.261,0.179,116.76928,92.9755,35.23578,11.5666469607,12.0555,5.49,0.0,0.046,0.992225
base,b_notional,60.0,1.896,0.261,0.179,116.76928,92.9755,24.51494,9.3509633039,9.89,3.63,0.0,0.179,0.9757547222
stress LGD 100%,pd,0.04,1.896,0.261,0.179,107.9488,68.2925,74.0584,20.9412589346,34.2925,5.55,0.002,0.009,0.992525
stress LGD 100%,pd,0.08,3.453,0.074,0.448,89.6386,43.1875,56.3731,25.0333347607,11.295,2.5,0.023,0.048,0.9596125
stress LGD 100%,pd,0.12,4.767,0.021,0.681,74.0341,23.6425,42.147,24.831759851,7.8475,1.55,0.062,0.133,0.88765
stress LGD 100%,pd,0.2,6.766,0.0,0.9,49.8021,9.45,23.7192,19.6790972412,4.45,0.65,0.261,0.423,0.6394125
stress LGD 100%,rho,0.0,1.881,0.135,0.113,108.1591,82.65,74.1591,15.0881642319,48.65,11.6,0.0,0.0,1.0
stress LGD 100%,rho,0.2,1.896,0.261,0.179,107.9488,68.2925,74.0584,20.9412589346,34.2925,5.55,0.002,0.009,0.992525
stress LGD 100%,rho,0.4,1.871,0.362,0.193,108.2192,51.8925,74.7376,24.5979497188,17.8925,1.05,0.018,0.028,0.9761041667
stress LGD 100%,rho,0.6,1.851,0.465,0.205,108.45625,36.305,75.56685,27.6611752135,11.445,0.0,0.034,0.059,0.9492375
stress LGD 100%,rho,0.8,1.788,0.601,0.201,109.1605,17.93,77.35985,30.0638828585,8.1825,0.0,0.069,0.091,0.919525
